<?xml version="1.0" encoding="UTF-8" standalone="yes"?>
<addon id="repository.vortexplay" name="[B][COLOR orange]Vortex[/COLOR] [COLOR white]Play Repository[/COLOR][/B]" version="1.0.0" provider-name="[B][COLOR orange]BRAZ FERREIRA[/COLOR][COLOR blue]PluginStreaming[/COLOR][/B]">
    <extension point="xbmc.addon.repository" name="VortexPlay Repository">
        <dir>
            <info compressed="false">https://raw.githubusercontent.com/SEU_USUARIO/vortexplay-repo/main/addons.xml</info>
            <checksum>https://raw.githubusercontent.com/SEU_USUARIO/vortexplay-repo/main/addons.xml.md5</checksum>
            <datadir zip="true">https://raw.githubusercontent.com/SEU_USUARIO/vortexplay-repo/main/</datadir>
        </dir>
    </extension>
    <extension point="xbmc.addon.metadata">
        <summary>Repositório oficial do VortexPlay</summary>
        <description>Repositório oficial para o addon VortexPlay - Streaming de canais, filmes e séries com interface futurista</description>
        <disclaimer>Este addon é fornecido "como está" sem garantias. Use por sua própria conta e risco.</disclaimer>
        <platform>all</platform>
        <assets>
            <icon>icon.png</icon>
            <fanart>fanart.jpg</fanart>
        </assets>
    </extension>
</addon>

